{"current":{"logo":"shopify:\/\/shop_images\/fkslogooffcl.webp","logo_width":130,"shop_logo_width_mobile":150,"favicon":"shopify:\/\/shop_images\/GERARD_LOGO_1.png","enable_custom_font":true,"custom_font_name_heading":"Heartbit-Bold","custom_font_url_heading":"https:\/\/cdn.shopify.com\/s\/files\/1\/0682\/0393\/8080\/files\/Heartbit-Bold.woff2?v=1679574712","custom_font_name_regular":"Heartbit-Bold","custom_font_url_regular":"https:\/\/cdn.shopify.com\/s\/files\/1\/0682\/0393\/8080\/files\/Heartbit-Bold.woff2?v=1679574712","product_animation":"fade-in","hide_card_price":false,"card_price_text_size":14,"price_position":"center","hide_card_name":false,"card_name_text_size":15,"card_heading_position":"center","hide_card_badge":false,"on_card_glow":true,"card_glow_size":29,"on_card_border":false,"on_card_border_hover":false,"card_border_size":1,"card_border_color":"#ffffff","card_border_radius":0,"enable_custom_cursor":true,"cursor_image":"shopify:\/\/shop_images\/icons8-shooter-67.png","header_menu_mobile_text_color":"#ffffff","custom_menu_drawer_bg":"#000000","header_icons_color":"#ffffff","header_bubble_color":"#000000","badge_text_color":"#000000","site_text_color":"#ffffff","site_button_bg_color":"#000000","product_checked_pills":"#ffffff","product_checked_pills_text":"#000000","type_header_font":"eurostile_next_n7","heading_scale":100,"type_body_font":"eurostile_next_n6","body_scale":100,"hide_enter-page":false,"page_width":1200,"spacing_sections":0,"spacing_grid_horizontal":8,"spacing_grid_vertical":8,"buttons_border_thickness":1,"buttons_border_opacity":100,"buttons_radius":30,"buttons_shadow_opacity":0,"buttons_shadow_horizontal_offset":0,"buttons_shadow_vertical_offset":4,"buttons_shadow_blur":5,"variant_pills_border_thickness":1,"variant_pills_border_opacity":55,"variant_pills_radius":12,"variant_pills_shadow_opacity":0,"variant_pills_shadow_horizontal_offset":2,"variant_pills_shadow_vertical_offset":4,"variant_pills_shadow_blur":5,"inputs_border_thickness":1,"inputs_border_opacity":55,"inputs_radius":8,"inputs_shadow_opacity":0,"inputs_shadow_horizontal_offset":0,"inputs_shadow_vertical_offset":4,"inputs_shadow_blur":5,"text_boxes_border_thickness":0,"text_boxes_border_opacity":10,"text_boxes_radius":0,"text_boxes_shadow_opacity":0,"text_boxes_shadow_horizontal_offset":0,"text_boxes_shadow_vertical_offset":4,"text_boxes_shadow_blur":5,"media_border_thickness":1,"media_border_opacity":5,"media_radius":0,"media_shadow_opacity":0,"media_shadow_horizontal_offset":0,"media_shadow_vertical_offset":4,"media_shadow_blur":5,"popup_border_thickness":1,"popup_border_opacity":10,"popup_corner_radius":0,"popup_shadow_opacity":0,"popup_shadow_horizontal_offset":0,"popup_shadow_vertical_offset":4,"popup_shadow_blur":5,"drawer_border_thickness":1,"drawer_border_opacity":10,"drawer_shadow_opacity":0,"drawer_shadow_horizontal_offset":0,"drawer_shadow_vertical_offset":4,"drawer_shadow_blur":5,"badge_position":"top right","badge_corner_radius":40,"brand_headline":"","brand_description":"<p><\/p>","brand_image_width":100,"social_facebook_link":"","social_instagram_link":"http:\/\/instagram.com\/shopify","social_youtube_link":"https:\/\/www.youtube.com\/shopify","social_tiktok_link":"https:\/\/tiktok.com\/@shopify","social_twitter_link":"","social_snapchat_link":"","social_pinterest_link":"","social_tumblr_link":"","social_vimeo_link":"","predictive_search_enabled":true,"predictive_search_show_vendor":false,"predictive_search_show_price":false,"currency_code_enabled":true,"cart_type":"drawer","show_vendor":false,"show_cart_note":false,"cart_drawer_collection":"","show_music":true,"music_url":"https:\/\/cdn.shopify.com\/s\/files\/1\/0682\/0393\/8080\/files\/Yeat_-_No_more_talk.mp3?v=1681667489","music_btn_color":"#ffffff","card_style":"standard","card_image_padding":0,"card_text_alignment":"left","card_color_scheme":"background-2","card_border_thickness":0,"card_border_opacity":15,"card_corner_radius":0,"card_shadow_opacity":0,"card_shadow_horizontal_offset":0,"card_shadow_vertical_offset":4,"card_shadow_blur":5,"collection_card_style":"standard","collection_card_image_padding":0,"collection_card_text_alignment":"left","collection_card_color_scheme":"background-2","collection_card_border_thickness":0,"collection_card_border_opacity":10,"collection_card_corner_radius":0,"collection_card_shadow_opacity":0,"collection_card_shadow_horizontal_offset":0,"collection_card_shadow_vertical_offset":4,"collection_card_shadow_blur":5,"blog_card_style":"standard","blog_card_image_padding":0,"blog_card_text_alignment":"left","blog_card_color_scheme":"background-2","blog_card_border_thickness":0,"blog_card_border_opacity":10,"blog_card_corner_radius":0,"blog_card_shadow_opacity":0,"blog_card_shadow_horizontal_offset":0,"blog_card_shadow_vertical_offset":4,"blog_card_shadow_blur":5,"sale_badge_color_scheme":"accent-1","sold_out_badge_color_scheme":"inverse","accent_icons":"text","copy_color":"#dcdcdc","colors_solid_button_labels":"#000000","colors_accent_1":"#ffffff","gradient_accent_1":"","colors_accent_2":"#ffffff","gradient_accent_2":"","colors_text":"#ffffff","colors_outline_button_labels":"#ffffff","colors_background_1":"#000000","gradient_background_1":"","colors_background_2":"rgba(0,0,0,0)","gradient_background_2":"","custom_add_to_cart_bg":"#000000","show_disk":true,"audio_file_url":"https:\/\/cdn.shopify.com\/s\/files\/1\/0682\/0393\/8080\/files\/Yeat_-_No_more_talk.mp3?v=1681667489","hide_card_info":true,"custom_font_name":"HeartBit","custom_font_url":"https:\/\/cdn.shopify.com\/s\/files\/1\/0682\/0393\/8080\/files\/Heartbit-Bold.woff2?v=1679574712","sections":{"main-password-header":{"type":"main-password-header","settings":{}},"main-password-footer":{"type":"main-password-footer","settings":{}},"enter-page":{"type":"enter-page","custom_css":[],"settings":{"show_enter_page":true,"show_solid_color_enter":true,"solid_color_enter":"#000000","enter_gradient_color":"","show_video_bg":false,"background_video_url":"https:\/\/cdn.shopify.com\/videos\/c\/o\/v\/bdda76898684442a9abe8bbfd11d50ef.mp4","background_video_url_mobile":"https:\/\/cdn.shopify.com\/videos\/c\/o\/v\/bdda76898684442a9abe8bbfd11d50ef.mp4","logo_image":"shopify:\/\/shop_images\/fkslogooffcl.webp","logoenter_size":200,"logoenter_size_mobile":200,"logo_container_top":11,"logo_container_top_mobile":5,"logo_animation":"scale-in-center","add_date_time":true,"date_time_color":"#ffffff","date_time_size":13,"home_nav":"main-menu","menu_font_size":21,"enter_menu_space":10,"menu_text_color":"#ffffff","menu_text_transform":"uppercase","menu_list_alignment":"center","show_text_glow":true,"menu_text_glow_color":"#cacaca","enable_menu_highlight":false,"menu_highlight_color":"#4a4a4a","show_enter_button":false,"enter_button_text":"Shop all","show_enterfooter":true,"icons_color":"#ffffff","copy_text_color":"rgba(0,0,0,0)","show_enter_skip_button":false,"enter_skip_button_color":"#d4d4d4","enter_skip_button_size":17,"show_two_bg":false,"two_bg_first":"shopify:\/\/shop_images\/anim1.gif","two_bg_second":"shopify:\/\/shop_images\/anim_lq.gif","two_bg_enter_button_text":"ENTER NOW","two_bg_seconds":"4"}},"websitebg":{"type":"websitebg","settings":{"show_website_bg_color":true,"website_bg_solid_color":"#000000","website_gradient_color":"","show_video_bg_website":false,"background_video_url_website":"https:\/\/cdn.shopify.com\/videos\/c\/o\/v\/46cc18e592864a43a346b8032f38b680.mp4","background_video_url_website_mobile":"https:\/\/cdn.shopify.com\/videos\/c\/o\/v\/bdda76898684442a9abe8bbfd11d50ef.mp4"}},"running-text":{"type":"running-text","settings":{"show_runningtext":true,"running_text":"Welcome to our website","text_color":"#ffffff","background_color":"#000000","runningfont_size":14,"runningfont_transform":"uppercase"}},"collections-filter":{"type":"collections-filter","settings":{"enable_collection_filter":true,"collections_link_size":15,"collections_link_color":"#ffffff","collections_border_color":"#ffffff"}},"pagebg":{"type":"pagebg","settings":{"show_page_bg":true,"show_page_bg_color":true,"page_bg_solid_color":"rgba(0,0,0,0)","page_bg_solid_color_gradient":"radial-gradient(rgba(238, 102, 102, 1), rgba(238, 130, 109, 1) 28.849%, rgba(82, 218, 236, 1) 100%)","show_video_bg_page":false,"background_video_url_page":"https:\/\/cdn.shopify.com\/videos\/c\/o\/v\/46cc18e592864a43a346b8032f38b680.mp4","background_video_url_page_mobile":"https:\/\/cdn.shopify.com\/videos\/c\/o\/v\/bdda76898684442a9abe8bbfd11d50ef.mp4"}},"pageloader":{"type":"pageloader","settings":{"enable_page_loader":false,"page_loader_img":"shopify:\/\/shop_images\/fkslogooffcl.webp","page_loader_logo_size":170,"page_loader_color":"#000000","enable_page_loader_animation":true}},"passwordbg":{"type":"passwordbg","settings":{"show_page_bg_color":true,"page_bg_solid_color":"#000000","page_bg_solid_color_gradient":"","show_video_bg_page":false,"background_video_url_page":"","background_video_url_page_mobile":""}},"pass-text-colors":{"type":"pass-text-colors","settings":{"password_text_color":"#ffffff","sub_button_color":"#000000","sub_button_bg_color":"#ffffff"}},"countdowntimer":{"type":"countdowntimer","settings":{"enable_timer":true,"timer_date":"2023-05-19 19:00:00","timer_number_color":"#ffffff","timer_number_size":34,"timer_text_color":"#ffffff","timer_text_size":14}},"audio-player":{"type":"audio-player","settings":{"enable_audio_player":true,"audio_file_url":"https:\/\/cdn.shopify.com\/s\/files\/1\/0682\/0393\/8080\/files\/Yeat_-_No_more_talk.mp3?v=1681667489","audio_player_color":"#ffffff"}},"custom-cursor":{"type":"custom-cursor","settings":{}}},"content_for_index":[]},"presets":{"Default":{"logo_width":90,"colors_solid_button_labels":"#ffffff","colors_accent_1":"#121212","gradient_accent_1":"","colors_accent_2":"#334fb4","gradient_accent_2":"","colors_text":"#121212","colors_outline_button_labels":"#121212","colors_background_1":"#ffffff","gradient_background_1":"","colors_background_2":"#f3f3f3","gradient_background_2":"","type_header_font":"assistant_n4","heading_scale":100,"type_body_font":"assistant_n4","body_scale":100,"page_width":1200,"spacing_sections":0,"spacing_grid_horizontal":8,"spacing_grid_vertical":8,"buttons_border_thickness":1,"buttons_border_opacity":100,"buttons_radius":0,"buttons_shadow_opacity":0,"buttons_shadow_horizontal_offset":0,"buttons_shadow_vertical_offset":4,"buttons_shadow_blur":5,"variant_pills_border_thickness":1,"variant_pills_border_opacity":55,"variant_pills_radius":40,"variant_pills_shadow_opacity":0,"variant_pills_shadow_horizontal_offset":0,"variant_pills_shadow_vertical_offset":4,"variant_pills_shadow_blur":5,"inputs_border_thickness":1,"inputs_border_opacity":55,"inputs_radius":0,"inputs_shadow_opacity":0,"inputs_shadow_horizontal_offset":0,"inputs_shadow_vertical_offset":4,"inputs_shadow_blur":5,"card_style":"standard","card_image_padding":0,"card_text_alignment":"left","card_color_scheme":"background-2","card_border_thickness":0,"card_border_opacity":10,"card_corner_radius":0,"card_shadow_opacity":0,"card_shadow_horizontal_offset":0,"card_shadow_vertical_offset":4,"card_shadow_blur":5,"collection_card_style":"standard","collection_card_image_padding":0,"collection_card_text_alignment":"left","collection_card_color_scheme":"background-2","collection_card_border_thickness":0,"collection_card_border_opacity":10,"collection_card_corner_radius":0,"collection_card_shadow_opacity":0,"collection_card_shadow_horizontal_offset":0,"collection_card_shadow_vertical_offset":4,"collection_card_shadow_blur":5,"blog_card_style":"standard","blog_card_image_padding":0,"blog_card_text_alignment":"left","blog_card_color_scheme":"background-2","blog_card_border_thickness":0,"blog_card_border_opacity":10,"blog_card_corner_radius":0,"blog_card_shadow_opacity":0,"blog_card_shadow_horizontal_offset":0,"blog_card_shadow_vertical_offset":4,"blog_card_shadow_blur":5,"text_boxes_border_thickness":0,"text_boxes_border_opacity":10,"text_boxes_radius":0,"text_boxes_shadow_opacity":0,"text_boxes_shadow_horizontal_offset":0,"text_boxes_shadow_vertical_offset":4,"text_boxes_shadow_blur":5,"media_border_thickness":1,"media_border_opacity":5,"media_radius":0,"media_shadow_opacity":0,"media_shadow_horizontal_offset":0,"media_shadow_vertical_offset":4,"media_shadow_blur":5,"popup_border_thickness":1,"popup_border_opacity":10,"popup_corner_radius":0,"popup_shadow_opacity":0,"popup_shadow_horizontal_offset":0,"popup_shadow_vertical_offset":4,"popup_shadow_blur":5,"drawer_border_thickness":1,"drawer_border_opacity":10,"drawer_shadow_opacity":0,"drawer_shadow_horizontal_offset":0,"drawer_shadow_vertical_offset":4,"drawer_shadow_blur":5,"badge_position":"bottom left","badge_corner_radius":40,"sale_badge_color_scheme":"accent-2","sold_out_badge_color_scheme":"inverse","accent_icons":"text","brand_headline":"","brand_description":"<p><\/p>","brand_image_width":100,"social_twitter_link":"","social_facebook_link":"","social_pinterest_link":"","social_instagram_link":"","social_tiktok_link":"","social_tumblr_link":"","social_snapchat_link":"","social_youtube_link":"","social_vimeo_link":"","predictive_search_enabled":true,"predictive_search_show_vendor":false,"predictive_search_show_price":false,"currency_code_enabled":true,"cart_type":"notification","show_vendor":false,"show_cart_note":false,"cart_drawer_collection":"","sections":{"main-password-header":{"type":"main-password-header","settings":{}},"main-password-footer":{"type":"main-password-footer","settings":{}}}}}}